{
  "Open": {
    "mean": 2028.863765084491,
    "std": 352.8503201263548,
    "min": 1614.858,
    "max": 3498.195
  },
  "High": {
    "mean": 2029.1665422295755,
    "std": 352.9279717128568,
    "min": 1615.848,
    "max": 3499.915
  },
  "Low": {
    "mean": 2028.5595103915484,
    "std": 352.7717046293982,
    "min": 1614.71,
    "max": 3497.145
  },
  "Close": {
    "mean": 2028.864200058804,
    "std": 352.8515310507617,
    "min": 1614.858,
    "max": 3498.275
  },
  "Volume": {
    "mean": 0.03601430730699247,
    "std": 0.03355258193297522,
    "min": 4.8999998398358e-05,
    "max": 0.16933999774395492
  },
  "ma5": {
    "mean": 2028.8624101808782,
    "std": 352.8489231643568,
    "min": 1616.091,
    "max": 3496.799
  },
  "returns": {
    "mean": 4.0627164733705976e-07,
    "std": 0.00025650965269250224,
    "min": -0.026498317557889006,
    "max": 0.017354786373302344
  },
  "volatility": {
    "mean": 0.0002058709696951975,
    "std": 0.00015446911347919256,
    "min": 0.0,
    "max": 0.010277913212404106
  },
  "momentum": {
    "mean": 0.008944370358623653,
    "std": 1.6541858266109897,
    "min": -78.61999999999989,
    "max": 54.24000000000024
  },
  "rsi": {
    "mean": 50.30728674445138,
    "std": 16.29888016941071,
    "min": 0.0,
    "max": 99.99999864433042
  },
  "macd": {
    "mean": 0.006268436203202907,
    "std": 0.5921233157552541,
    "min": -16.042199635748375,
    "max": 15.37943172267751
  },
  "target": {
    "mean": -0.0002172724240661095,
    "std": 0.08392576311909049,
    "min": -1.0,
    "max": 1.0
  }
}